/*!999999\- enable the sandbox mode */ 
-- MariaDB dump 10.19  Distrib 10.11.8-MariaDB, for debian-linux-gnu (x86_64)
--
-- Host: localhost    Database: joelScan
-- ------------------------------------------------------
-- Server version	10.11.8-MariaDB-0ubuntu0.23.10.1

/*!40101 SET @OLD_CHARACTER_SET_CLIENT=@@CHARACTER_SET_CLIENT */;
/*!40101 SET @OLD_CHARACTER_SET_RESULTS=@@CHARACTER_SET_RESULTS */;
/*!40101 SET @OLD_COLLATION_CONNECTION=@@COLLATION_CONNECTION */;
/*!40101 SET NAMES utf8mb4 */;
/*!40103 SET @OLD_TIME_ZONE=@@TIME_ZONE */;
/*!40103 SET TIME_ZONE='+00:00' */;
/*!40014 SET @OLD_UNIQUE_CHECKS=@@UNIQUE_CHECKS, UNIQUE_CHECKS=0 */;
/*!40014 SET @OLD_FOREIGN_KEY_CHECKS=@@FOREIGN_KEY_CHECKS, FOREIGN_KEY_CHECKS=0 */;
/*!40101 SET @OLD_SQL_MODE=@@SQL_MODE, SQL_MODE='NO_AUTO_VALUE_ON_ZERO' */;
/*!40111 SET @OLD_SQL_NOTES=@@SQL_NOTES, SQL_NOTES=0 */;

--
-- Table structure for table `channelJoels`
--

DROP TABLE IF EXISTS `channelJoels`;
/*!40101 SET @saved_cs_client     = @@character_set_client */;
/*!40101 SET character_set_client = utf8 */;
CREATE TABLE `channelJoels` (
  `id` int(11) NOT NULL AUTO_INCREMENT,
  `channel_id` int(11) NOT NULL,
  `count` double NOT NULL,
  PRIMARY KEY (`id`),
  KEY `channel_id` (`channel_id`),
  CONSTRAINT `channelJoels_ibfk_1` FOREIGN KEY (`channel_id`) REFERENCES `channels` (`id`)
) ENGINE=InnoDB AUTO_INCREMENT=7 DEFAULT CHARSET=utf8mb4 COLLATE=utf8mb4_general_ci;
/*!40101 SET character_set_client = @saved_cs_client */;

--
-- Dumping data for table `channelJoels`
--

LOCK TABLES `channelJoels` WRITE;
/*!40000 ALTER TABLE `channelJoels` DISABLE KEYS */;
INSERT INTO `channelJoels` VALUES
(1,1,2609),
(2,2,1028),
(3,3,2560),
(4,4,36),
(5,5,2810),
(6,6,18);
/*!40000 ALTER TABLE `channelJoels` ENABLE KEYS */;
UNLOCK TABLES;

--
-- Table structure for table `channels`
--

DROP TABLE IF EXISTS `channels`;
/*!40101 SET @saved_cs_client     = @@character_set_client */;
/*!40101 SET character_set_client = utf8 */;
CREATE TABLE `channels` (
  `id` int(11) NOT NULL AUTO_INCREMENT,
  `name` varchar(100) NOT NULL,
  `creationDate` date NOT NULL,
  PRIMARY KEY (`id`)
) ENGINE=InnoDB AUTO_INCREMENT=7 DEFAULT CHARSET=utf8mb4 COLLATE=utf8mb4_general_ci;
/*!40101 SET character_set_client = @saved_cs_client */;

--
-- Dumping data for table `channels`
--

LOCK TABLES `channels` WRITE;
/*!40000 ALTER TABLE `channels` DISABLE KEYS */;
INSERT INTO `channels` VALUES
(1,'lcolonq','2024-04-26'),
(2,'jakecreatesstuff','2024-05-02'),
(3,'prodzpod','2024-05-16'),
(4,'venorrak','2024-07-31'),
(5,'cr4zyk1tty','2024-08-06'),
(6,'tyumici','2024-08-10');
/*!40000 ALTER TABLE `channels` ENABLE KEYS */;
UNLOCK TABLES;

--
-- Table structure for table `joels`
--

DROP TABLE IF EXISTS `joels`;
/*!40101 SET @saved_cs_client     = @@character_set_client */;
/*!40101 SET character_set_client = utf8 */;
CREATE TABLE `joels` (
  `id` int(11) NOT NULL AUTO_INCREMENT,
  `user_id` int(11) NOT NULL,
  `count` double NOT NULL,
  PRIMARY KEY (`id`),
  KEY `user_id` (`user_id`),
  CONSTRAINT `joels_ibfk_1` FOREIGN KEY (`user_id`) REFERENCES `users` (`id`)
) ENGINE=InnoDB AUTO_INCREMENT=248 DEFAULT CHARSET=utf8mb4 COLLATE=utf8mb4_general_ci;
/*!40101 SET character_set_client = @saved_cs_client */;

--
-- Dumping data for table `joels`
--

LOCK TABLES `joels` WRITE;
/*!40000 ALTER TABLE `joels` DISABLE KEYS */;
INSERT INTO `joels` VALUES
(1,1,518),
(2,2,158),
(3,3,1),
(4,4,145),
(5,5,74),
(6,6,13),
(7,7,26),
(8,8,414),
(9,9,120),
(10,10,7),
(11,11,129),
(12,12,11),
(13,13,42),
(14,14,4),
(15,15,45),
(16,16,207),
(17,17,710),
(18,18,11),
(19,19,40),
(20,20,94),
(21,21,7),
(22,22,73),
(23,23,3),
(24,24,170),
(25,25,8),
(26,26,1),
(27,27,15),
(28,28,44),
(29,29,20),
(30,30,26),
(31,31,9),
(32,32,76),
(33,33,37),
(34,34,139),
(35,35,112),
(36,36,6),
(37,37,1369),
(38,38,98),
(39,39,205),
(40,40,11),
(41,41,26),
(42,42,6),
(43,43,9),
(44,44,3),
(45,45,8),
(46,46,3),
(47,47,1),
(48,48,1114),
(49,49,26),
(50,50,7),
(51,51,3),
(52,52,218),
(53,53,4),
(54,54,5),
(55,55,60),
(56,56,1),
(57,57,2),
(58,58,4),
(59,59,2),
(60,60,5),
(61,61,59),
(62,62,18),
(63,63,253),
(64,64,15),
(65,65,64),
(66,66,10),
(67,67,1),
(68,68,103),
(69,69,11),
(70,70,61),
(71,71,6),
(72,72,1),
(73,73,35),
(74,74,25),
(75,75,8),
(76,76,1),
(77,77,17),
(78,78,20),
(79,79,3),
(80,80,3),
(81,81,2),
(82,82,2),
(83,83,7),
(84,84,6),
(85,85,3),
(86,86,4),
(87,87,36),
(88,88,45),
(89,89,5),
(90,90,1),
(91,91,3),
(92,92,1),
(93,93,5),
(94,94,4),
(95,95,7),
(96,96,1),
(97,97,1),
(98,98,11),
(99,99,4),
(100,100,1),
(101,101,43),
(102,102,15),
(103,103,31),
(104,104,167),
(105,105,3),
(106,106,9),
(107,107,7),
(108,108,2),
(109,109,1),
(110,110,1),
(111,111,2),
(112,112,2),
(113,113,1),
(114,114,46),
(115,115,1),
(116,116,2),
(117,117,2),
(118,118,2),
(119,119,1),
(120,120,1),
(121,121,7),
(122,122,3),
(123,123,13),
(124,124,1),
(125,125,1),
(126,126,7),
(127,127,261),
(128,128,35),
(129,129,7),
(130,130,9),
(131,131,1),
(132,132,3),
(133,133,14),
(134,134,1),
(135,135,31),
(136,136,6),
(137,137,13),
(138,138,1),
(139,139,5),
(140,140,2),
(141,141,4),
(142,142,3),
(143,143,5),
(144,144,1),
(145,145,2),
(146,146,6),
(147,147,1),
(148,148,3),
(149,149,4),
(150,150,2),
(151,151,4),
(152,152,2),
(153,153,2),
(154,154,1),
(155,155,1),
(156,156,1),
(157,157,1),
(158,158,2),
(159,159,5),
(160,160,2),
(161,161,1),
(162,162,2),
(163,163,3),
(164,164,2),
(165,165,1),
(166,166,1),
(167,167,13),
(168,168,5),
(169,169,1),
(170,170,1),
(171,171,6),
(172,172,1),
(173,173,1),
(174,174,4),
(175,175,1),
(176,176,5),
(177,177,4),
(178,178,7),
(179,179,2),
(180,180,7),
(181,181,6),
(182,182,2),
(183,183,1),
(184,184,12),
(185,185,1),
(186,186,6),
(187,187,7),
(188,188,1),
(189,189,1),
(190,190,3),
(191,191,3),
(192,192,1),
(193,193,1),
(194,194,1),
(195,195,1),
(196,196,1),
(197,197,1),
(198,198,1),
(199,199,4),
(200,200,1),
(201,201,1),
(202,202,1),
(203,203,4),
(204,204,1),
(205,205,5),
(206,206,11),
(207,207,29),
(208,208,2),
(209,209,1),
(210,210,2),
(211,211,1),
(212,212,5),
(213,213,1),
(214,214,2),
(215,215,1),
(216,216,49),
(217,217,381),
(218,218,1),
(219,219,1),
(220,220,1),
(221,221,6),
(222,222,9),
(223,223,1),
(224,224,1),
(225,225,10),
(226,226,1),
(227,227,1),
(228,228,1),
(229,229,2),
(230,230,2),
(231,231,1),
(232,232,1),
(233,233,1),
(234,234,2),
(235,235,1),
(236,236,1),
(237,237,1),
(238,238,1),
(239,239,1),
(240,240,2),
(241,241,1),
(242,242,1),
(243,243,6),
(244,244,1),
(245,245,1),
(246,246,1),
(247,247,1);
/*!40000 ALTER TABLE `joels` ENABLE KEYS */;
UNLOCK TABLES;

--
-- Table structure for table `pictures`
--

DROP TABLE IF EXISTS `pictures`;
/*!40101 SET @saved_cs_client     = @@character_set_client */;
/*!40101 SET character_set_client = utf8 */;
CREATE TABLE `pictures` (
  `id` int(11) NOT NULL AUTO_INCREMENT,
  `url` varchar(200) NOT NULL,
  `type` varchar(30) NOT NULL,
  PRIMARY KEY (`id`)
) ENGINE=InnoDB AUTO_INCREMENT=495 DEFAULT CHARSET=utf8mb4 COLLATE=utf8mb4_general_ci;
/*!40101 SET character_set_client = @saved_cs_client */;

--
-- Dumping data for table `pictures`
--

LOCK TABLES `pictures` WRITE;
/*!40000 ALTER TABLE `pictures` DISABLE KEYS */;
INSERT INTO `pictures` VALUES
(1,'https://static-cdn.jtvnw.net/jtv_user_pictures/ef61c5ae-0eb1-4a20-aa16-67066fda274c-profile_image-300x300.png','pfp'),
(2,'https://static-cdn.jtvnw.net/jtv_user_pictures/7beda288-4f20-46e2-8a3e-8eccaadeaca7-channel_offline_image-1920x1080.png','bgp'),
(3,'https://static-cdn.jtvnw.net/jtv_user_pictures/35620ef8-9833-4d33-a5ea-81bdd1f1ca13-profile_image-300x300.png','pfp'),
(4,'https://static-cdn.jtvnw.net/jtv_user_pictures/44dc9174-99ef-49aa-a716-866b1330461b-channel_offline_image-1920x1080.png','bgp'),
(5,'https://static-cdn.jtvnw.net/jtv_user_pictures/4b2b711f-f72b-45a5-a0ea-cb57354f0136-profile_image-300x300.jpeg','pfp'),
(6,'','bgp'),
(7,'https://static-cdn.jtvnw.net/jtv_user_pictures/587ff018-01e2-433e-860e-9ec30db758e5-profile_image-300x300.png','pfp'),
(8,'','bgp'),
(9,'https://static-cdn.jtvnw.net/user-default-pictures-uv/ebb84563-db81-4b9c-8940-64ed33ccfc7b-profile_image-300x300.png','pfp'),
(10,'','bgp'),
(11,'https://static-cdn.jtvnw.net/user-default-pictures-uv/215b7342-def9-11e9-9a66-784f43822e80-profile_image-300x300.png','pfp'),
(12,'','bgp'),
(13,'https://static-cdn.jtvnw.net/jtv_user_pictures/cacf9819-6727-4f4c-8331-e1d246e1bebf-profile_image-300x300.png','pfp'),
(14,'https://static-cdn.jtvnw.net/jtv_user_pictures/9994bc4c-5fdd-425e-b0e8-ed8c0921cc3c-channel_offline_image-1920x1080.png','bgp'),
(15,'https://static-cdn.jtvnw.net/jtv_user_pictures/cdc6c22b-fb16-4330-8df4-967e04dd27ea-profile_image-300x300.png','pfp'),
(16,'','bgp'),
(17,'https://static-cdn.jtvnw.net/user-default-pictures-uv/ebb84563-db81-4b9c-8940-64ed33ccfc7b-profile_image-300x300.png','pfp'),
(18,'','bgp'),
(19,'https://static-cdn.jtvnw.net/jtv_user_pictures/121d8e82-1ded-466f-989b-3e5297568065-profile_image-300x300.png','pfp'),
(20,'','bgp'),
(21,'https://static-cdn.jtvnw.net/user-default-pictures-uv/75305d54-c7cc-40d1-bb9c-91fbe85943c7-profile_image-300x300.png','pfp'),
(22,'','bgp'),
(23,'https://static-cdn.jtvnw.net/jtv_user_pictures/a8fa3aed-2d97-4fed-9117-f73417d69c25-profile_image-300x300.png','pfp'),
(24,'','bgp'),
(25,'https://static-cdn.jtvnw.net/jtv_user_pictures/tomaterr-profile_image-1980a78cd474e067-300x300.jpeg','pfp'),
(26,'','bgp'),
(27,'https://static-cdn.jtvnw.net/jtv_user_pictures/dd19994c-e8d7-4883-87c2-3bb6da10392d-profile_image-300x300.png','pfp'),
(28,'https://static-cdn.jtvnw.net/jtv_user_pictures/24609185-d5ed-4560-acd7-6ecc0b747b97-channel_offline_image-1920x1080.png','bgp'),
(29,'https://static-cdn.jtvnw.net/jtv_user_pictures/5d5867ef-09d1-475d-a0e3-aa105cf81985-profile_image-300x300.png','pfp'),
(30,'','bgp'),
(31,'https://static-cdn.jtvnw.net/jtv_user_pictures/00787bd3-14b1-431f-b540-ffd4a7147edf-profile_image-300x300.png','pfp'),
(32,'https://static-cdn.jtvnw.net/jtv_user_pictures/4809d588-54f9-464e-8835-121d365c5989-channel_offline_image-1920x1080.png','bgp'),
(33,'https://static-cdn.jtvnw.net/jtv_user_pictures/9af8592c-b97e-44e0-826e-208ba2f2a094-profile_image-300x300.png','pfp'),
(34,'https://static-cdn.jtvnw.net/jtv_user_pictures/0ec625ea-f589-4be7-875d-9b292d959ea9-channel_offline_image-1920x1080.png','bgp'),
(35,'https://static-cdn.jtvnw.net/jtv_user_pictures/01a3e5fc-d766-4aae-b5d2-e05ec5861497-profile_image-300x300.png','pfp'),
(36,'https://static-cdn.jtvnw.net/jtv_user_pictures/a488b0fe-dc6b-4bea-bf15-4f7c29007f87-channel_offline_image-1920x1080.png','bgp'),
(37,'https://static-cdn.jtvnw.net/jtv_user_pictures/838bd71f-197f-4a30-9f15-ed08afc3aa58-profile_image-300x300.png','pfp'),
(38,'https://static-cdn.jtvnw.net/jtv_user_pictures/54ee4b7f-fc05-4ec3-b5ca-a2d93e777d74-channel_offline_image-1920x1080.png','bgp'),
(39,'https://static-cdn.jtvnw.net/jtv_user_pictures/60c7fee7-cfe4-49e6-9c8a-50472e566de8-profile_image-300x300.png','pfp'),
(40,'','bgp'),
(41,'https://static-cdn.jtvnw.net/jtv_user_pictures/9ac57b81-c89b-4078-aac4-377ff6bf44fe-profile_image-300x300.png','pfp'),
(42,'','bgp'),
(43,'https://static-cdn.jtvnw.net/jtv_user_pictures/0e9dbe56-792e-47e4-8c5d-fe85e150c176-profile_image-300x300.png','pfp'),
(44,'','bgp'),
(45,'https://static-cdn.jtvnw.net/jtv_user_pictures/b7ee4f62eacf536e-profile_image-300x300.png','pfp'),
(46,'https://static-cdn.jtvnw.net/jtv_user_pictures/c188b2ce-f96f-4888-a96f-28ce2c14aa5c-channel_offline_image-1920x1080.png','bgp'),
(47,'https://static-cdn.jtvnw.net/jtv_user_pictures/2cb63949-c8cd-4268-bcb9-ddb083f3b033-profile_image-300x300.png','pfp'),
(48,'https://static-cdn.jtvnw.net/jtv_user_pictures/4ffc31ea-a08c-4759-b90c-fee67e705c5d-channel_offline_image-1920x1080.png','bgp'),
(49,'https://static-cdn.jtvnw.net/jtv_user_pictures/d06ee5ec-48fe-4ca2-a2e9-68ac9a81728f-profile_image-300x300.png','pfp'),
(50,'','bgp'),
(51,'https://static-cdn.jtvnw.net/jtv_user_pictures/ea4beacf-f418-4175-83d2-7e32963cfae8-profile_image-300x300.png','pfp'),
(52,'https://static-cdn.jtvnw.net/jtv_user_pictures/92dafc88-25bc-4533-b3bb-127b382bda1e-channel_offline_image-1920x1080.png','bgp'),
(53,'https://static-cdn.jtvnw.net/jtv_user_pictures/fa67615b-3dab-4652-aa45-90f9de439c35-profile_image-300x300.png','pfp'),
(54,'https://static-cdn.jtvnw.net/jtv_user_pictures/9d073cd7-09e3-461b-bc74-8ddeb1c5e014-channel_offline_image-1920x1080.png','bgp'),
(55,'https://static-cdn.jtvnw.net/jtv_user_pictures/divorce_jonze-profile_image-eb71858a76550088-300x300.jpeg','pfp'),
(56,'https://static-cdn.jtvnw.net/jtv_user_pictures/f04407dd-f372-4ac2-9fad-09f5330127df-channel_offline_image-1920x1080.png','bgp'),
(57,'https://static-cdn.jtvnw.net/jtv_user_pictures/e8f841f1-4b32-40c1-88b9-8544cd51efec-profile_image-300x300.png','pfp'),
(58,'https://static-cdn.jtvnw.net/jtv_user_pictures/cccedebe-f84e-46dc-bf03-f5048cb803bb-channel_offline_image-1920x1080.png','bgp'),
(59,'https://static-cdn.jtvnw.net/jtv_user_pictures/e1e7f721ff753857-profile_image-300x300.jpeg','pfp'),
(60,'https://static-cdn.jtvnw.net/jtv_user_pictures/abipolarcarp123-channel_offline_image-c78686390bc47d7f-1920x1080.png','bgp'),
(61,'https://static-cdn.jtvnw.net/jtv_user_pictures/92b64732-a5cb-4cb0-a808-c29942585788-profile_image-300x300.png','pfp'),
(62,'','bgp'),
(63,'https://static-cdn.jtvnw.net/jtv_user_pictures/8f506a99-3120-4ea0-b27b-982bd3bb58b1-profile_image-300x300.png','pfp'),
(64,'https://static-cdn.jtvnw.net/jtv_user_pictures/4c495fd2-19d9-46ce-a225-b386acd8779c-channel_offline_image-1920x1080.jpeg','bgp'),
(65,'https://static-cdn.jtvnw.net/user-default-pictures-uv/cdd517fe-def4-11e9-948e-784f43822e80-profile_image-300x300.png','pfp'),
(66,'','bgp'),
(67,'https://static-cdn.jtvnw.net/jtv_user_pictures/44eef283-8b27-4aab-9ecd-4d29f05da374-profile_image-300x300.png','pfp'),
(68,'https://static-cdn.jtvnw.net/jtv_user_pictures/103db03d-4ce8-40ab-9c49-caeac9d395f6-channel_offline_image-1920x1080.png','bgp'),
(69,'https://static-cdn.jtvnw.net/jtv_user_pictures/1d344f68-6622-4bbb-b796-26b6ac9f827f-profile_image-300x300.png','pfp'),
(70,'','bgp'),
(71,'https://static-cdn.jtvnw.net/jtv_user_pictures/f123fc78-23b2-44f2-886d-374222735b2c-profile_image-300x300.png','pfp'),
(72,'https://static-cdn.jtvnw.net/jtv_user_pictures/b65d28cf-e3d5-4cad-837b-ff0e1b76c723-channel_offline_image-1920x1080.png','bgp'),
(73,'https://static-cdn.jtvnw.net/jtv_user_pictures/62c43b9c-aaf7-4063-818e-7e446fa69c9a-profile_image-300x300.png','pfp'),
(74,'https://static-cdn.jtvnw.net/jtv_user_pictures/d7092d29-ee93-4b2e-8523-8d6d11475603-channel_offline_image-1920x1080.jpeg','bgp'),
(75,'https://static-cdn.jtvnw.net/jtv_user_pictures/41114cf1-7b29-44b3-9d53-23bc6025287d-profile_image-300x300.png','pfp'),
(76,'','bgp'),
(77,'https://static-cdn.jtvnw.net/jtv_user_pictures/9039574c-0c48-4647-9d9b-ec0d78734eb4-profile_image-300x300.png','pfp'),
(78,'','bgp'),
(79,'https://static-cdn.jtvnw.net/jtv_user_pictures/gendude-profile_image-d2ae96922630b3be-300x300.png','pfp'),
(80,'','bgp'),
(81,'https://static-cdn.jtvnw.net/jtv_user_pictures/49196cf0-83c5-4833-b680-c698afff2946-profile_image-300x300.png','pfp'),
(82,'','bgp'),
(83,'https://static-cdn.jtvnw.net/jtv_user_pictures/760ed0cb-1f55-4b12-96ba-42a897fcc5cf-profile_image-300x300.png','pfp'),
(84,'','bgp'),
(85,'https://static-cdn.jtvnw.net/jtv_user_pictures/2fde09f5-d4c9-47b2-b267-2a4a7193f9d7-profile_image-300x300.png','pfp'),
(86,'','bgp'),
(87,'https://static-cdn.jtvnw.net/jtv_user_pictures/6761100b-79fe-40ae-9ce5-12896bd80763-profile_image-300x300.png','pfp'),
(88,'','bgp'),
(89,'https://static-cdn.jtvnw.net/jtv_user_pictures/134d5ec5-980c-4318-805d-a28242055bfc-profile_image-300x300.png','pfp'),
(90,'','bgp'),
(91,'https://static-cdn.jtvnw.net/jtv_user_pictures/dc63d61d-0c24-49d0-86c4-9b90fa6dfc30-profile_image-300x300.png','pfp'),
(92,'','bgp'),
(93,'https://static-cdn.jtvnw.net/jtv_user_pictures/acf76fd3-2d72-4527-acdb-e500b6ceb54e-profile_image-300x300.png','pfp'),
(94,'','bgp'),
(95,'https://static-cdn.jtvnw.net/jtv_user_pictures/eed4c06d-8755-4dc9-b654-69b9148e1a9a-profile_image-300x300.png','pfp'),
(96,'','bgp'),
(97,'https://static-cdn.jtvnw.net/jtv_user_pictures/ab97fc21-96ed-42a8-9b30-93168c768f80-profile_image-300x300.png','pfp'),
(98,'','bgp'),
(99,'https://static-cdn.jtvnw.net/jtv_user_pictures/e15b3da2-4653-46fd-93ec-1310a81b7093-profile_image-300x300.png','pfp'),
(100,'','bgp'),
(101,'https://static-cdn.jtvnw.net/jtv_user_pictures/cb0dae0e-8269-4368-bd07-40a3d93cc016-profile_image-300x300.png','pfp'),
(102,'','bgp'),
(103,'https://static-cdn.jtvnw.net/user-default-pictures-uv/215b7342-def9-11e9-9a66-784f43822e80-profile_image-300x300.png','pfp'),
(104,'','bgp'),
(105,'https://static-cdn.jtvnw.net/jtv_user_pictures/66a19c91-28cf-48e1-a154-02a4c316da7e-profile_image-300x300.png','pfp'),
(106,'','bgp'),
(107,'https://static-cdn.jtvnw.net/user-default-pictures-uv/ce57700a-def9-11e9-842d-784f43822e80-profile_image-300x300.png','pfp'),
(108,'','bgp'),
(109,'https://static-cdn.jtvnw.net/jtv_user_pictures/1c1ae566-699b-4316-8611-e9a3dc10f041-profile_image-300x300.png','pfp'),
(110,'','bgp'),
(111,'https://static-cdn.jtvnw.net/jtv_user_pictures/28733e4b-30a6-49a2-96bc-b8938e674b06-profile_image-300x300.png','pfp'),
(112,'','bgp'),
(113,'https://static-cdn.jtvnw.net/jtv_user_pictures/8cd6e92f-e6e4-4776-ad0d-f356f800ee2b-profile_image-300x300.png','pfp'),
(114,'','bgp'),
(115,'https://static-cdn.jtvnw.net/user-default-pictures-uv/13e5fa74-defa-11e9-809c-784f43822e80-profile_image-300x300.png','pfp'),
(116,'','bgp'),
(117,'https://static-cdn.jtvnw.net/jtv_user_pictures/e56d1f76-69ba-4cb5-9344-540e8ad05e0d-profile_image-300x300.png','pfp'),
(118,'','bgp'),
(119,'https://static-cdn.jtvnw.net/jtv_user_pictures/93d6b395-7c97-4cb8-aa90-368c1d4e4138-profile_image-300x300.png','pfp'),
(120,'','bgp'),
(121,'https://static-cdn.jtvnw.net/user-default-pictures-uv/75305d54-c7cc-40d1-bb9c-91fbe85943c7-profile_image-300x300.png','pfp'),
(122,'','bgp'),
(123,'https://static-cdn.jtvnw.net/jtv_user_pictures/b2d295d4-4c8b-4479-80f8-f85a834e2de2-profile_image-300x300.png','pfp'),
(124,'https://static-cdn.jtvnw.net/jtv_user_pictures/38019e34-7519-4556-876f-9169c9d5cc72-channel_offline_image-1920x1080.png','bgp'),
(125,'https://static-cdn.jtvnw.net/jtv_user_pictures/99fa7f9a-b7b2-4285-91cd-05f634bc4bd3-profile_image-300x300.png','pfp'),
(126,'https://static-cdn.jtvnw.net/jtv_user_pictures/c9f311a7-6dd1-4fdb-9a81-d179c34700af-channel_offline_image-1920x1080.png','bgp'),
(127,'https://static-cdn.jtvnw.net/jtv_user_pictures/a3b6fb24-a06b-496f-b928-016d702e0241-profile_image-300x300.png','pfp'),
(128,'','bgp'),
(129,'https://static-cdn.jtvnw.net/jtv_user_pictures/bedc4d60-d884-41cc-95c2-2e8d060bd7b3-profile_image-300x300.jpeg','pfp'),
(130,'','bgp'),
(131,'https://static-cdn.jtvnw.net/user-default-pictures-uv/de130ab0-def7-11e9-b668-784f43822e80-profile_image-300x300.png','pfp'),
(132,'','bgp'),
(133,'https://static-cdn.jtvnw.net/jtv_user_pictures/1c86f5f9-d3c4-460a-9b3e-a301ab586ac8-profile_image-300x300.png','pfp'),
(134,'https://static-cdn.jtvnw.net/jtv_user_pictures/86e52600-b803-4f38-99fa-23885c797f5b-channel_offline_image-1920x1080.png','bgp'),
(135,'https://static-cdn.jtvnw.net/jtv_user_pictures/fd6fae3a-9df7-4129-af60-52100dea0605-profile_image-300x300.png','pfp'),
(136,'','bgp'),
(137,'https://static-cdn.jtvnw.net/jtv_user_pictures/d750c5c9-6465-4bd7-b097-3acd26cbcd56-profile_image-300x300.png','pfp'),
(138,'','bgp'),
(139,'https://static-cdn.jtvnw.net/jtv_user_pictures/eff39830-d324-41c3-9470-3aa44e995885-profile_image-300x300.png','pfp'),
(140,'','bgp'),
(141,'https://static-cdn.jtvnw.net/jtv_user_pictures/1e9233a2-3faa-465c-9be5-67ece83044a0-profile_image-300x300.png','pfp'),
(142,'','bgp'),
(143,'https://static-cdn.jtvnw.net/jtv_user_pictures/fecdbcc2-7e19-4a46-819a-c7513409d2a9-profile_image-300x300.jpg','pfp'),
(144,'https://static-cdn.jtvnw.net/jtv_user_pictures/086386e4-1fd4-447f-8c6f-d0275a42f168-channel_offline_image-1920x1080.png','bgp'),
(145,'https://static-cdn.jtvnw.net/jtv_user_pictures/fbd41831-151f-499e-8b11-c5096618fdd4-profile_image-300x300.png','pfp'),
(146,'https://static-cdn.jtvnw.net/jtv_user_pictures/184b90f2-4a05-4d23-8c04-4faf94cdf81f-channel_offline_image-1920x1080.jpeg','bgp'),
(147,'https://static-cdn.jtvnw.net/jtv_user_pictures/3159298b-d62b-442f-ad2a-fdc645d0c685-profile_image-300x300.png','pfp'),
(148,'','bgp'),
(149,'https://static-cdn.jtvnw.net/user-default-pictures-uv/ebe4cd89-b4f4-4cd9-adac-2f30151b4209-profile_image-300x300.png','pfp'),
(150,'','bgp'),
(151,'https://static-cdn.jtvnw.net/jtv_user_pictures/ba4a5f71-f6f9-4aba-8572-605dbd551f34-profile_image-300x300.png','pfp'),
(152,'','bgp'),
(153,'https://static-cdn.jtvnw.net/jtv_user_pictures/de258b8a-b25b-42b9-b039-458e1ce2e77f-profile_image-300x300.png','pfp'),
(154,'https://static-cdn.jtvnw.net/jtv_user_pictures/8cc87f61-0b36-4606-8ced-78ce3420acbe-channel_offline_image-1920x1080.jpeg','bgp'),
(155,'https://static-cdn.jtvnw.net/jtv_user_pictures/3615f77e-a70a-4909-9387-103465ddeeaa-profile_image-300x300.jpeg','pfp'),
(156,'','bgp'),
(157,'https://static-cdn.jtvnw.net/jtv_user_pictures/fb098d0b-b705-4f5c-9f90-d21d3363d2c4-profile_image-300x300.png','pfp'),
(158,'','bgp'),
(159,'https://static-cdn.jtvnw.net/jtv_user_pictures/876669b0-356d-4ce5-a812-62393c0764d3-profile_image-300x300.png','pfp'),
(160,'','bgp'),
(161,'https://static-cdn.jtvnw.net/jtv_user_pictures/60c78ea2-1995-43cb-a005-af06aeb3939c-profile_image-300x300.png','pfp'),
(162,'','bgp'),
(163,'https://static-cdn.jtvnw.net/jtv_user_pictures/53ff5f29-cb6d-4fc1-baef-560ddc92877c-profile_image-300x300.png','pfp'),
(164,'','bgp'),
(165,'https://static-cdn.jtvnw.net/jtv_user_pictures/baa03d56-64da-4b2a-8fd8-e4d0725f1376-profile_image-300x300.png','pfp'),
(166,'https://static-cdn.jtvnw.net/jtv_user_pictures/8d2ab599-5ccb-497d-a403-ca94d5e41618-channel_offline_image-1920x1080.png','bgp'),
(167,'https://static-cdn.jtvnw.net/jtv_user_pictures/3f5e8ae5-b5c3-4d11-ac26-dbcf3ed2b57a-profile_image-300x300.png','pfp'),
(168,'','bgp'),
(169,'https://static-cdn.jtvnw.net/user-default-pictures-uv/ebe4cd89-b4f4-4cd9-adac-2f30151b4209-profile_image-300x300.png','pfp'),
(170,'','bgp'),
(171,'https://static-cdn.jtvnw.net/jtv_user_pictures/6dd18bd2-6a0a-4db5-82c1-39c835dd0572-profile_image-300x300.png','pfp'),
(172,'https://static-cdn.jtvnw.net/jtv_user_pictures/c736ab26-6159-452f-9ba8-22fd504bec99-channel_offline_image-1920x1080.png','bgp'),
(173,'https://static-cdn.jtvnw.net/jtv_user_pictures/9bab3da8-230e-4b03-afdc-ffcb9bca9e75-profile_image-300x300.png','pfp'),
(174,'','bgp'),
(175,'https://static-cdn.jtvnw.net/jtv_user_pictures/f0684c78-c112-4090-8c2d-7c5012b94f45-profile_image-300x300.png','pfp'),
(176,'https://static-cdn.jtvnw.net/jtv_user_pictures/b475087b-2386-4cbf-843a-f0cd4167c6ab-channel_offline_image-1920x1080.png','bgp'),
(177,'https://static-cdn.jtvnw.net/user-default-pictures-uv/215b7342-def9-11e9-9a66-784f43822e80-profile_image-300x300.png','pfp'),
(178,'','bgp'),
(179,'https://static-cdn.jtvnw.net/user-default-pictures-uv/de130ab0-def7-11e9-b668-784f43822e80-profile_image-300x300.png','pfp'),
(180,'','bgp'),
(181,'https://static-cdn.jtvnw.net/jtv_user_pictures/destinywaits-profile_image-ab5d305aabfc0c0f-300x300.png','pfp'),
(182,'https://static-cdn.jtvnw.net/jtv_user_pictures/destinywaits-channel_offline_image-0652ff049d363ce9-1920x1080.png','bgp'),
(183,'https://static-cdn.jtvnw.net/jtv_user_pictures/7b10fd0e-9086-43f6-a2b5-404a88bf00b1-profile_image-300x300.jpg','pfp'),
(184,'','bgp'),
(185,'https://static-cdn.jtvnw.net/jtv_user_pictures/98e7c85f-07f7-46eb-89e3-425027771706-profile_image-300x300.png','pfp'),
(186,'','bgp'),
(187,'https://static-cdn.jtvnw.net/jtv_user_pictures/d1574c08-b532-485e-ac6c-439b78d148df-profile_image-300x300.png','pfp'),
(188,'','bgp'),
(189,'https://static-cdn.jtvnw.net/user-default-pictures-uv/ead5c8b2-a4c9-4724-b1dd-9f00b46cbd3d-profile_image-300x300.png','pfp'),
(190,'','bgp'),
(191,'https://static-cdn.jtvnw.net/jtv_user_pictures/4a5fbbfc-54fd-43e4-a5fa-1476ba509118-profile_image-300x300.png','pfp'),
(192,'https://static-cdn.jtvnw.net/jtv_user_pictures/018f3420-f97d-46e0-b9d6-e3d38ff88b7f-channel_offline_image-1920x1080.png','bgp'),
(193,'https://static-cdn.jtvnw.net/jtv_user_pictures/9f3ddbc2-f34d-44d5-ae21-8e3f2b405111-profile_image-300x300.png','pfp'),
(194,'https://static-cdn.jtvnw.net/jtv_user_pictures/df496592-0573-457f-af27-e3964c3e3d62-channel_offline_image-1920x1080.jpeg','bgp'),
(195,'https://static-cdn.jtvnw.net/jtv_user_pictures/3f1d41b6-30d0-4f9c-93e7-de98ccff5347-profile_image-300x300.png','pfp'),
(196,'','bgp'),
(197,'https://static-cdn.jtvnw.net/jtv_user_pictures/3003322e-9637-4b4a-b039-fddde5e528e4-profile_image-300x300.png','pfp'),
(198,'','bgp'),
(199,'https://static-cdn.jtvnw.net/jtv_user_pictures/lalashkin_g-profile_image-9e172457edacc889-300x300.jpeg','pfp'),
(200,'https://static-cdn.jtvnw.net/jtv_user_pictures/lalashkin_g-channel_offline_image-98ef01db404f833d-1920x1080.jpeg','bgp'),
(201,'https://static-cdn.jtvnw.net/jtv_user_pictures/375e30ab-8383-421d-b043-d26aef1a47f7-profile_image-300x300.png','pfp'),
(202,'','bgp'),
(203,'https://static-cdn.jtvnw.net/jtv_user_pictures/667307eb-1d06-42d8-b538-e7083ea3e673-profile_image-300x300.png','pfp'),
(204,'https://static-cdn.jtvnw.net/jtv_user_pictures/566ed084-e3ac-4c6d-b25d-194dafddccc1-channel_offline_image-1920x1080.png','bgp'),
(205,'https://static-cdn.jtvnw.net/jtv_user_pictures/3fdcc960-06ba-4617-89b8-1c2791c9d1e3-profile_image-300x300.png','pfp'),
(206,'','bgp'),
(207,'https://static-cdn.jtvnw.net/jtv_user_pictures/f6fa277a-1fe5-45ae-8d3e-be1eedd7448e-profile_image-300x300.png','pfp'),
(208,'','bgp'),
(209,'https://static-cdn.jtvnw.net/jtv_user_pictures/9aea0e14-639c-4822-b653-49daba613e2c-profile_image-300x300.png','pfp'),
(210,'','bgp'),
(211,'https://static-cdn.jtvnw.net/user-default-pictures-uv/cdd517fe-def4-11e9-948e-784f43822e80-profile_image-300x300.png','pfp'),
(212,'','bgp'),
(213,'https://static-cdn.jtvnw.net/user-default-pictures-uv/cdd517fe-def4-11e9-948e-784f43822e80-profile_image-300x300.png','pfp'),
(214,'https://static-cdn.jtvnw.net/jtv_user_pictures/essento-channel_offline_image-c74274d57ee3d91c-1920x1080.png','bgp'),
(215,'https://static-cdn.jtvnw.net/jtv_user_pictures/764c830f-e2dd-431c-9dbb-ebccb1dcd6fb-profile_image-300x300.png','pfp'),
(216,'','bgp'),
(217,'https://static-cdn.jtvnw.net/jtv_user_pictures/adbe2aae-265f-434e-aa3a-04f8b9c784a3-profile_image-300x300.png','pfp'),
(218,'https://static-cdn.jtvnw.net/jtv_user_pictures/6237958b-979e-4325-bed8-3de575f8e615-channel_offline_image-1920x1080.png','bgp'),
(219,'https://static-cdn.jtvnw.net/jtv_user_pictures/5c220cc5-1625-4d21-a64c-a33914b58363-profile_image-300x300.png','pfp'),
(220,'https://static-cdn.jtvnw.net/jtv_user_pictures/52c64cf1-54b3-4ed7-a7d0-29afb32d1f19-channel_offline_image-1920x1080.png','bgp'),
(221,'https://static-cdn.jtvnw.net/jtv_user_pictures/6009f47c-f275-4ca0-9f41-5d61ece6281d-profile_image-300x300.png','pfp'),
(222,'','bgp'),
(223,'https://static-cdn.jtvnw.net/user-default-pictures-uv/ce57700a-def9-11e9-842d-784f43822e80-profile_image-300x300.png','pfp'),
(224,'https://static-cdn.jtvnw.net/jtv_user_pictures/4ac7707f-d0b4-4b9d-8798-76387583ac93-channel_offline_image-1920x1080.png','bgp'),
(225,'https://static-cdn.jtvnw.net/jtv_user_pictures/d02edaeb-4df6-4888-ad81-3c9baf6a7574-profile_image-300x300.jpeg','pfp'),
(226,'','bgp'),
(227,'https://static-cdn.jtvnw.net/jtv_user_pictures/05b87b1b-ee82-43c6-b86d-85d5222eb75f-profile_image-300x300.png','pfp'),
(228,'','bgp'),
(229,'https://static-cdn.jtvnw.net/jtv_user_pictures/49ca22d8-60cd-4e1a-90d2-8354b4b69e47-profile_image-300x300.png','pfp'),
(230,'https://static-cdn.jtvnw.net/jtv_user_pictures/deb084ac-d5d0-4da0-8f2d-6e5157e40a10-channel_offline_image-1920x1080.png','bgp'),
(231,'https://static-cdn.jtvnw.net/jtv_user_pictures/afeb82a4-34e5-4f52-8b3a-8480c15e1e00-profile_image-300x300.png','pfp'),
(232,'https://static-cdn.jtvnw.net/jtv_user_pictures/5268db18-9279-4ae4-b5b9-2b7850e6c975-channel_offline_image-1920x1080.png','bgp'),
(233,'https://static-cdn.jtvnw.net/jtv_user_pictures/c8bb6dd8-60eb-4d20-a30b-0758c52ece35-profile_image-300x300.png','pfp'),
(234,'https://static-cdn.jtvnw.net/jtv_user_pictures/646add65-d16f-4078-9d68-83cc98b92bac-channel_offline_image-1920x1080.jpeg','bgp'),
(235,'https://static-cdn.jtvnw.net/jtv_user_pictures/c8b2b67a-22a0-4703-9e56-10310d559e31-profile_image-300x300.png','pfp'),
(236,'https://static-cdn.jtvnw.net/jtv_user_pictures/d8a6ec85-9c8c-4bca-9792-756f3e45536f-channel_offline_image-1920x1080.png','bgp'),
(237,'https://static-cdn.jtvnw.net/jtv_user_pictures/0a53de79-788e-48db-ad32-a0722a5dcb00-profile_image-300x300.png','pfp'),
(238,'https://static-cdn.jtvnw.net/jtv_user_pictures/ebb079cf-d506-460f-a3a4-c689ead7b2d0-channel_offline_image-1920x1080.png','bgp'),
(239,'https://static-cdn.jtvnw.net/jtv_user_pictures/e25a6e8f-4b46-4bb3-9001-d89e6b4a2bdd-profile_image-300x300.png','pfp'),
(240,'','bgp'),
(241,'https://static-cdn.jtvnw.net/jtv_user_pictures/2e0dc747-f7a2-4de4-9c77-88581c199981-profile_image-300x300.png','pfp'),
(242,'https://static-cdn.jtvnw.net/jtv_user_pictures/79d891ee-bd5e-4528-a32e-da7b6be34514-channel_offline_image-1920x1080.png','bgp'),
(243,'https://static-cdn.jtvnw.net/jtv_user_pictures/93fc80b0-cf75-49cb-bebb-22402ff13b7c-profile_image-300x300.png','pfp'),
(244,'','bgp'),
(245,'https://static-cdn.jtvnw.net/user-default-pictures-uv/998f01ae-def8-11e9-b95c-784f43822e80-profile_image-300x300.png','pfp'),
(246,'','bgp'),
(247,'https://static-cdn.jtvnw.net/jtv_user_pictures/mamimi___-profile_image-cf8f3145808e77b1-300x300.jpeg','pfp'),
(248,'','bgp'),
(249,'https://static-cdn.jtvnw.net/jtv_user_pictures/38c9746eaab1eed5-profile_image-300x300.jpeg','pfp'),
(250,'','bgp'),
(251,'https://static-cdn.jtvnw.net/jtv_user_pictures/320ad903-5870-4a74-baaa-c780af97f726-profile_image-300x300.png','pfp'),
(252,'','bgp'),
(253,'https://static-cdn.jtvnw.net/jtv_user_pictures/2845319e-0620-41ba-a66b-83bb0208eda8-profile_image-300x300.png','pfp'),
(254,'','bgp'),
(255,'https://static-cdn.jtvnw.net/user-default-pictures-uv/41780b5a-def8-11e9-94d9-784f43822e80-profile_image-300x300.png','pfp'),
(256,'','bgp'),
(257,'https://static-cdn.jtvnw.net/jtv_user_pictures/4e805099-cf60-46df-93b4-0e0937c86bf7-profile_image-300x300.png','pfp'),
(258,'','bgp'),
(259,'https://static-cdn.jtvnw.net/jtv_user_pictures/dd2aa067-7f42-4630-8710-b81b5ef71926-profile_image-300x300.png','pfp'),
(260,'','bgp'),
(261,'https://static-cdn.jtvnw.net/jtv_user_pictures/13ba8bbb-9648-4b24-9013-d2f499cb42fd-profile_image-300x300.png','pfp'),
(262,'','bgp'),
(263,'https://static-cdn.jtvnw.net/user-default-pictures-uv/215b7342-def9-11e9-9a66-784f43822e80-profile_image-300x300.png','pfp'),
(264,'','bgp'),
(265,'https://static-cdn.jtvnw.net/user-default-pictures-uv/75305d54-c7cc-40d1-bb9c-91fbe85943c7-profile_image-300x300.png','pfp'),
(266,'','bgp'),
(267,'https://static-cdn.jtvnw.net/jtv_user_pictures/94fd0196-1c14-4c17-a436-a35718027c4f-profile_image-300x300.png','pfp'),
(268,'https://static-cdn.jtvnw.net/jtv_user_pictures/ad15650c-a13d-4ba1-b31d-98610e310d0a-channel_offline_image-1920x1080.png','bgp'),
(269,'https://static-cdn.jtvnw.net/jtv_user_pictures/1cb2ac00-663e-460c-b64b-30b6d8244450-profile_image-300x300.png','pfp'),
(270,'https://static-cdn.jtvnw.net/jtv_user_pictures/5118cb5b-f47f-4998-9807-8db87c5c2c21-channel_offline_image-1920x1080.jpeg','bgp'),
(271,'https://static-cdn.jtvnw.net/jtv_user_pictures/24bd87be-e887-4dc2-8232-6ad491dc0d3f-profile_image-300x300.png','pfp'),
(272,'','bgp'),
(273,'https://static-cdn.jtvnw.net/jtv_user_pictures/6ebf10fe-6b1b-4e4b-b4eb-d4cf1194493d-profile_image-300x300.jpg','pfp'),
(274,'https://static-cdn.jtvnw.net/jtv_user_pictures/d98fa833c43217ab-channel_offline_image-1920x1080.png','bgp'),
(275,'https://static-cdn.jtvnw.net/user-default-pictures-uv/ebe4cd89-b4f4-4cd9-adac-2f30151b4209-profile_image-300x300.png','pfp'),
(276,'','bgp'),
(277,'https://static-cdn.jtvnw.net/jtv_user_pictures/ddf37e76-2151-4728-bb53-7bc479aa248f-profile_image-300x300.png','pfp'),
(278,'','bgp'),
(279,'https://static-cdn.jtvnw.net/jtv_user_pictures/a50e8354-216d-4001-ad86-e0e06e3f8737-profile_image-300x300.png','pfp'),
(280,'','bgp'),
(281,'https://static-cdn.jtvnw.net/jtv_user_pictures/f3dae7a6-ca74-4ff8-852b-06a04e1aaf2f-profile_image-300x300.jpg','pfp'),
(282,'','bgp'),
(283,'https://static-cdn.jtvnw.net/jtv_user_pictures/511b69df-4850-4c7e-a9e5-c720507d2be5-profile_image-300x300.png','pfp'),
(284,'','bgp'),
(285,'https://static-cdn.jtvnw.net/jtv_user_pictures/194281ac-076d-49ff-9156-bd933a48cd94-profile_image-300x300.png','pfp'),
(286,'','bgp'),
(287,'https://static-cdn.jtvnw.net/jtv_user_pictures/26ed7a2a-13fc-4a05-947f-83cce246e4f0-profile_image-300x300.png','pfp'),
(288,'','bgp'),
(289,'https://static-cdn.jtvnw.net/user-default-pictures-uv/ead5c8b2-a4c9-4724-b1dd-9f00b46cbd3d-profile_image-300x300.png','pfp'),
(290,'','bgp'),
(291,'https://static-cdn.jtvnw.net/jtv_user_pictures/bb9f2ebb-71c4-4fea-b51b-d22a4d7a20dc-profile_image-300x300.jpeg','pfp'),
(292,'','bgp'),
(293,'https://static-cdn.jtvnw.net/jtv_user_pictures/9d28b1b6-863d-43e7-978d-59fe6f43fa56-profile_image-300x300.png','pfp'),
(294,'','bgp'),
(295,'https://static-cdn.jtvnw.net/jtv_user_pictures/2fde09f5-d4c9-47b2-b267-2a4a7193f9d7-profile_image-300x300.png','pfp'),
(296,'','bgp'),
(297,'https://static-cdn.jtvnw.net/jtv_user_pictures/c5363e04-596c-49ce-a34f-d69716cd24ad-profile_image-300x300.png','pfp'),
(298,'https://static-cdn.jtvnw.net/jtv_user_pictures/53690e88-fe9f-4776-b2e6-15b4f37cbfaa-channel_offline_image-1920x1080.png','bgp'),
(299,'https://static-cdn.jtvnw.net/jtv_user_pictures/7dcaa1df-ea20-4f47-a7ad-452e19b6cae6-profile_image-300x300.png','pfp'),
(300,'','bgp'),
(301,'https://static-cdn.jtvnw.net/jtv_user_pictures/546c2916-da96-49db-9692-641dae7d49ab-profile_image-300x300.png','pfp'),
(302,'','bgp'),
(303,'https://static-cdn.jtvnw.net/jtv_user_pictures/3fdcd2e0-be51-4cea-8dc5-32939fecb711-profile_image-300x300.png','pfp'),
(304,'https://static-cdn.jtvnw.net/jtv_user_pictures/79e30f72-991f-4f6b-b040-0d731a9ff36c-channel_offline_image-1920x1080.jpeg','bgp'),
(305,'https://static-cdn.jtvnw.net/jtv_user_pictures/cfb87e67-554f-47bf-b2e9-95126e73b15b-profile_image-300x300.png','pfp'),
(306,'','bgp'),
(307,'https://static-cdn.jtvnw.net/jtv_user_pictures/d9286ad9-1729-4375-b466-cef37c74d92b-profile_image-300x300.png','pfp'),
(308,'','bgp'),
(309,'https://static-cdn.jtvnw.net/jtv_user_pictures/63eb5d80-3d6f-4e86-8be7-fda2a8040d5a-profile_image-300x300.png','pfp'),
(310,'','bgp'),
(311,'https://static-cdn.jtvnw.net/jtv_user_pictures/32b8040a-54dc-4f0e-b7fc-1f97f87621db-profile_image-300x300.png','pfp'),
(312,'','bgp'),
(313,'https://static-cdn.jtvnw.net/jtv_user_pictures/e32a4908-cc23-4bf0-a481-ebb181ec6569-profile_image-300x300.png','pfp'),
(314,'https://static-cdn.jtvnw.net/jtv_user_pictures/4da7dde3-ab85-413a-8d63-a4bf28a36294-channel_offline_image-1920x1080.jpeg','bgp'),
(315,'https://static-cdn.jtvnw.net/jtv_user_pictures/463710ee-cf17-4bdc-8e73-51ec9289fe44-profile_image-300x300.png','pfp'),
(316,'','bgp'),
(317,'https://static-cdn.jtvnw.net/user-default-pictures-uv/294c98b5-e34d-42cd-a8f0-140b72fba9b0-profile_image-300x300.png','pfp'),
(318,'','bgp'),
(319,'https://static-cdn.jtvnw.net/jtv_user_pictures/thisisbenu-profile_image-7706351d96a51328-300x300.jpeg','pfp'),
(320,'','bgp'),
(321,'https://static-cdn.jtvnw.net/jtv_user_pictures/ac565529-c337-40bc-b993-72e1e215e873-profile_image-300x300.png','pfp'),
(322,'','bgp'),
(323,'https://static-cdn.jtvnw.net/jtv_user_pictures/1d99a9f0-a25b-41ec-b064-2545e97956dd-profile_image-300x300.png','pfp'),
(324,'','bgp'),
(325,'https://static-cdn.jtvnw.net/jtv_user_pictures/edd1b853-ec2c-4a03-a87b-a9548b9bd426-profile_image-300x300.png','pfp'),
(326,'https://static-cdn.jtvnw.net/jtv_user_pictures/7b0e2496-5833-43c6-bfc8-795405df7c76-channel_offline_image-1920x1080.png','bgp'),
(327,'https://static-cdn.jtvnw.net/jtv_user_pictures/d90977e0-8b32-45a7-a13d-f4bcf54d8d00-profile_image-300x300.png','pfp'),
(328,'','bgp'),
(329,'https://static-cdn.jtvnw.net/jtv_user_pictures/c3bd182f-df08-4ba8-a053-88f8b97a0e95-profile_image-300x300.png','pfp'),
(330,'','bgp'),
(331,'https://static-cdn.jtvnw.net/jtv_user_pictures/04cbc42a-6e37-4c26-a507-df87e6d86f6a-profile_image-300x300.png','pfp'),
(332,'','bgp'),
(333,'https://static-cdn.jtvnw.net/jtv_user_pictures/076e9edd-39b0-46aa-bec5-2a73a36192e2-profile_image-300x300.png','pfp'),
(334,'https://static-cdn.jtvnw.net/jtv_user_pictures/42155831-1674-4623-8b9b-340e9cec8fb9-channel_offline_image-1920x1080.png','bgp'),
(335,'https://static-cdn.jtvnw.net/user-default-pictures-uv/ebe4cd89-b4f4-4cd9-adac-2f30151b4209-profile_image-300x300.png','pfp'),
(336,'','bgp'),
(337,'https://static-cdn.jtvnw.net/jtv_user_pictures/22594531-4a57-451c-8b5e-f27b8a0fd11d-profile_image-300x300.png','pfp'),
(338,'','bgp'),
(339,'https://static-cdn.jtvnw.net/jtv_user_pictures/08c2be0a-f429-4986-a272-e7a02ffb3ce2-profile_image-300x300.png','pfp'),
(340,'https://static-cdn.jtvnw.net/jtv_user_pictures/89a0974d-5466-4ca2-ac03-6e3208c0e6b6-channel_offline_image-1920x1080.png','bgp'),
(341,'https://static-cdn.jtvnw.net/jtv_user_pictures/a23832cd-59db-4f6c-aac6-1091fa7afd96-profile_image-300x300.png','pfp'),
(342,'https://static-cdn.jtvnw.net/jtv_user_pictures/01b69845-9bdd-413d-a524-b4ab8adc7615-channel_offline_image-1920x1080.jpeg','bgp'),
(343,'https://static-cdn.jtvnw.net/jtv_user_pictures/2abbd3f6-1464-4dd8-a2e5-13fe19324184-profile_image-300x300.jpeg','pfp'),
(344,'','bgp'),
(345,'https://static-cdn.jtvnw.net/jtv_user_pictures/c622d573-da6c-499a-87ea-8d7edbaf24ee-profile_image-300x300.png','pfp'),
(346,'','bgp'),
(347,'https://static-cdn.jtvnw.net/jtv_user_pictures/2e51388a-3bb7-4fe4-a761-16231f05471c-profile_image-300x300.png','pfp'),
(348,'','bgp'),
(349,'https://static-cdn.jtvnw.net/user-default-pictures-uv/13e5fa74-defa-11e9-809c-784f43822e80-profile_image-300x300.png','pfp'),
(350,'','bgp'),
(351,'https://static-cdn.jtvnw.net/jtv_user_pictures/ec04ec1d-339b-40b2-9276-44a83541d22a-profile_image-300x300.png','pfp'),
(352,'','bgp'),
(353,'https://static-cdn.jtvnw.net/jtv_user_pictures/2877c18f-99ad-4b2b-b3f2-bec21ef037a7-profile_image-300x300.jpeg','pfp'),
(354,'','bgp'),
(355,'https://static-cdn.jtvnw.net/jtv_user_pictures/7b3d1143-3dc1-472e-bd70-7f461b4c6f7b-profile_image-300x300.png','pfp'),
(356,'','bgp'),
(357,'https://static-cdn.jtvnw.net/user-default-pictures-uv/cdd517fe-def4-11e9-948e-784f43822e80-profile_image-300x300.png','pfp'),
(358,'','bgp'),
(359,'https://static-cdn.jtvnw.net/user-default-pictures-uv/75305d54-c7cc-40d1-bb9c-91fbe85943c7-profile_image-300x300.png','pfp'),
(360,'','bgp'),
(361,'https://static-cdn.jtvnw.net/user-default-pictures-uv/de130ab0-def7-11e9-b668-784f43822e80-profile_image-300x300.png','pfp'),
(362,'','bgp'),
(363,'https://static-cdn.jtvnw.net/jtv_user_pictures/0a30ac45-d303-46f0-b301-8f78f6246bbb-profile_image-300x300.png','pfp'),
(364,'https://static-cdn.jtvnw.net/jtv_user_pictures/dbc457c2-8641-4f9c-87aa-56525aaf6ed6-channel_offline_image-1920x1080.png','bgp'),
(365,'https://static-cdn.jtvnw.net/jtv_user_pictures/8ee54236-5072-4ae7-a6c1-cfdb866b3892-profile_image-300x300.png','pfp'),
(366,'','bgp'),
(367,'https://static-cdn.jtvnw.net/jtv_user_pictures/d89ae558-2989-4688-812e-aa5538547b0c-profile_image-300x300.png','pfp'),
(368,'','bgp'),
(369,'https://static-cdn.jtvnw.net/jtv_user_pictures/4ffad254-8ef3-4165-ada5-3a127b398418-profile_image-300x300.png','pfp'),
(370,'','bgp'),
(371,'https://static-cdn.jtvnw.net/jtv_user_pictures/08b3b383-91c3-4796-b9ae-472d0ba7a95e-profile_image-300x300.png','pfp'),
(372,'','bgp'),
(373,'https://static-cdn.jtvnw.net/jtv_user_pictures/a3c75c85-7c86-415a-9e66-d8cefc24a760-profile_image-300x300.png','pfp'),
(374,'https://static-cdn.jtvnw.net/jtv_user_pictures/0556c51e-e820-4a8a-8639-0dd06d6c58ab-channel_offline_image-1920x1080.png','bgp'),
(375,'https://static-cdn.jtvnw.net/jtv_user_pictures/7fda25d4-46a0-4c3e-ab5e-c789d86d844b-profile_image-300x300.png','pfp'),
(376,'https://static-cdn.jtvnw.net/jtv_user_pictures/2a7770ac-6cc5-4c49-8d09-131d6e235fb8-channel_offline_image-1920x1080.png','bgp'),
(377,'https://static-cdn.jtvnw.net/jtv_user_pictures/a86c435a-7981-45cb-ac10-c26dcdcc5ef9-profile_image-300x300.png','pfp'),
(378,'','bgp'),
(379,'https://static-cdn.jtvnw.net/jtv_user_pictures/3e9ea3d0-8107-48bc-9ef9-cc4b093b011e-profile_image-300x300.png','pfp'),
(380,'','bgp'),
(381,'https://static-cdn.jtvnw.net/user-default-pictures-uv/215b7342-def9-11e9-9a66-784f43822e80-profile_image-300x300.png','pfp'),
(382,'','bgp'),
(383,'https://static-cdn.jtvnw.net/jtv_user_pictures/72508f43-16c2-458e-ad34-85f5cb5b024d-profile_image-300x300.jpeg','pfp'),
(384,'','bgp'),
(385,'https://static-cdn.jtvnw.net/jtv_user_pictures/7a20e468-c1a1-480b-9db6-390f51f685bb-profile_image-300x300.png','pfp'),
(386,'','bgp'),
(387,'https://static-cdn.jtvnw.net/jtv_user_pictures/da79af28-48bd-409e-a1af-8da5c109ec30-profile_image-300x300.png','pfp'),
(388,'https://static-cdn.jtvnw.net/jtv_user_pictures/kopadot-channel_offline_image-8d3a003aca6f0fad-1920x1080.png','bgp'),
(389,'https://static-cdn.jtvnw.net/jtv_user_pictures/e1751a83-4892-423f-8a69-a8ddc3fb9c49-profile_image-300x300.png','pfp'),
(390,'','bgp'),
(391,'https://static-cdn.jtvnw.net/jtv_user_pictures/8fe4e21c-6b80-4796-a3cf-2bb72ff62c1c-profile_image-300x300.png','pfp'),
(392,'','bgp'),
(393,'https://static-cdn.jtvnw.net/jtv_user_pictures/3afe108a-e1d4-487e-9502-4ff7f389cdf0-profile_image-300x300.png','pfp'),
(394,'','bgp'),
(395,'https://static-cdn.jtvnw.net/jtv_user_pictures/320d7b62-c1ba-4e53-b6da-855095d36b88-profile_image-300x300.png','pfp'),
(396,'','bgp'),
(397,'https://static-cdn.jtvnw.net/jtv_user_pictures/4eb9c40b-ed95-43ad-a900-bfca282734c1-profile_image-300x300.png','pfp'),
(398,'https://static-cdn.jtvnw.net/jtv_user_pictures/2d050c49-76db-4b00-bdb7-d533f3647eea-channel_offline_image-1920x1080.png','bgp'),
(399,'https://static-cdn.jtvnw.net/jtv_user_pictures/8fa2cbec-6bf5-4d16-b0a7-d223f4c02dc1-profile_image-300x300.png','pfp'),
(400,'https://static-cdn.jtvnw.net/jtv_user_pictures/21769f9f-4610-4e12-b4b2-5d8e8320cced-channel_offline_image-1920x1080.png','bgp'),
(401,'https://static-cdn.jtvnw.net/jtv_user_pictures/7ec221a6-92e2-40bb-97cf-dbf6e7f8d3e8-profile_image-300x300.png','pfp'),
(402,'','bgp'),
(403,'https://static-cdn.jtvnw.net/jtv_user_pictures/e02580eb-304e-4727-90fd-260774461141-profile_image-300x300.png','pfp'),
(404,'https://static-cdn.jtvnw.net/jtv_user_pictures/5b090600-565c-434d-8e23-90e56341aa53-channel_offline_image-1920x1080.png','bgp'),
(405,'https://static-cdn.jtvnw.net/user-default-pictures-uv/ebe4cd89-b4f4-4cd9-adac-2f30151b4209-profile_image-300x300.png','pfp'),
(406,'','bgp'),
(407,'https://static-cdn.jtvnw.net/jtv_user_pictures/ad01f93f-62b6-4122-ba28-1b838571e2d7-profile_image-300x300.png','pfp'),
(408,'','bgp'),
(409,'https://static-cdn.jtvnw.net/jtv_user_pictures/330c16fb-165c-40b5-a354-3d3552a8771f-profile_image-300x300.png','pfp'),
(410,'','bgp'),
(411,'https://static-cdn.jtvnw.net/user-default-pictures-uv/ce57700a-def9-11e9-842d-784f43822e80-profile_image-300x300.png','pfp'),
(412,'','bgp'),
(413,'https://static-cdn.jtvnw.net/jtv_user_pictures/37f63643-fa82-4984-a282-b9abfd4ebdc8-profile_image-300x300.png','pfp'),
(414,'','bgp'),
(415,'https://static-cdn.jtvnw.net/jtv_user_pictures/068fef41-4e84-4908-91cf-165741bdaa49-profile_image-300x300.jpeg','pfp'),
(416,'','bgp'),
(417,'https://static-cdn.jtvnw.net/jtv_user_pictures/f79baf30-9d1c-4eae-82cf-310610799a29-profile_image-300x300.png','pfp'),
(418,'','bgp'),
(419,'https://static-cdn.jtvnw.net/user-default-pictures-uv/41780b5a-def8-11e9-94d9-784f43822e80-profile_image-300x300.png','pfp'),
(420,'','bgp'),
(421,'https://static-cdn.jtvnw.net/user-default-pictures-uv/75305d54-c7cc-40d1-bb9c-91fbe85943c7-profile_image-300x300.png','pfp'),
(422,'','bgp'),
(423,'https://static-cdn.jtvnw.net/jtv_user_pictures/152e694f-a032-4928-baf8-4db17b4c3a9a-profile_image-300x300.png','pfp'),
(424,'','bgp'),
(425,'https://static-cdn.jtvnw.net/jtv_user_pictures/821e43a5-d442-487b-9707-7b8a50069098-profile_image-300x300.png','pfp'),
(426,'','bgp'),
(427,'https://static-cdn.jtvnw.net/user-default-pictures-uv/215b7342-def9-11e9-9a66-784f43822e80-profile_image-300x300.png','pfp'),
(428,'','bgp'),
(429,'https://static-cdn.jtvnw.net/jtv_user_pictures/4ba6ee75-f33d-42b4-b6b0-cc69bc56362a-profile_image-300x300.png','pfp'),
(430,'','bgp'),
(431,'https://static-cdn.jtvnw.net/jtv_user_pictures/9239fd54-373e-4cad-8f1c-628001ab0725-profile_image-300x300.png','pfp'),
(432,'https://static-cdn.jtvnw.net/jtv_user_pictures/97d807f3-2887-483f-b1e5-c0b88dd1ea9b-channel_offline_image-1920x1080.png','bgp'),
(433,'https://static-cdn.jtvnw.net/user-default-pictures-uv/215b7342-def9-11e9-9a66-784f43822e80-profile_image-300x300.png','pfp'),
(434,'','bgp'),
(435,'https://static-cdn.jtvnw.net/jtv_user_pictures/291a79ac-9eb4-478a-ab9f-d107f890f80b-profile_image-300x300.png','pfp'),
(436,'https://static-cdn.jtvnw.net/jtv_user_pictures/daab78f5-e650-48a4-96b6-630a9e4e8ebb-channel_offline_image-1920x1080.png','bgp'),
(437,'https://static-cdn.jtvnw.net/jtv_user_pictures/earend-profile_image-8a1bb1ba3edb4b4a-300x300.jpeg','pfp'),
(438,'','bgp'),
(439,'https://static-cdn.jtvnw.net/jtv_user_pictures/e4850421-8c1f-4231-b4f0-4c6275308e8e-profile_image-300x300.png','pfp'),
(440,'https://static-cdn.jtvnw.net/jtv_user_pictures/6905eb08-c3f3-4d91-81f9-48bf40f90bd6-channel_offline_image-1920x1080.png','bgp'),
(441,'https://static-cdn.jtvnw.net/jtv_user_pictures/e57e5b10-5684-40fc-b4a9-24afabda7ac6-profile_image-300x300.png','pfp'),
(442,'','bgp'),
(443,'https://static-cdn.jtvnw.net/jtv_user_pictures/74bb92ef-40b7-405b-8849-fe6d07255d59-profile_image-300x300.png','pfp'),
(444,'https://static-cdn.jtvnw.net/jtv_user_pictures/c36ed4b7-a622-4fb9-910e-a7400ab479f6-channel_offline_image-1920x1080.png','bgp'),
(445,'https://static-cdn.jtvnw.net/jtv_user_pictures/13e40570-5b9a-40b5-b762-c89923a52616-profile_image-300x300.png','pfp'),
(446,'','bgp'),
(447,'https://static-cdn.jtvnw.net/jtv_user_pictures/krespian_sea-profile_image-54a2f050f430f7b4-300x300.png','pfp'),
(448,'','bgp'),
(449,'https://static-cdn.jtvnw.net/jtv_user_pictures/f3fd00ec4b29024f-profile_image-300x300.png','pfp'),
(450,'','bgp'),
(451,'https://static-cdn.jtvnw.net/jtv_user_pictures/762196bd-177f-40a5-907f-9388ca7a1557-profile_image-300x300.png','pfp'),
(452,'https://static-cdn.jtvnw.net/jtv_user_pictures/21a73435-c403-465d-903a-95e0443e73c4-channel_offline_image-1920x1080.png','bgp'),
(453,'https://static-cdn.jtvnw.net/user-default-pictures-uv/dbdc9198-def8-11e9-8681-784f43822e80-profile_image-300x300.png','pfp'),
(454,'','bgp'),
(455,'https://static-cdn.jtvnw.net/user-default-pictures-uv/cdd517fe-def4-11e9-948e-784f43822e80-profile_image-300x300.png','pfp'),
(456,'','bgp'),
(457,'https://static-cdn.jtvnw.net/jtv_user_pictures/6491c333-a84d-4b28-956d-b7bc45df7799-profile_image-300x300.png','pfp'),
(458,'','bgp'),
(459,'https://static-cdn.jtvnw.net/jtv_user_pictures/7930f198-dd61-494f-af1c-f60f28ad0855-profile_image-300x300.png','pfp'),
(460,'','bgp'),
(461,'https://static-cdn.jtvnw.net/jtv_user_pictures/3d17d3cc-74b9-49cd-a2ad-a667b3955f1e-profile_image-300x300.png','pfp'),
(462,'https://static-cdn.jtvnw.net/jtv_user_pictures/80510d08-16fb-4724-936a-52f404431270-channel_offline_image-1920x1080.png','bgp'),
(463,'https://static-cdn.jtvnw.net/jtv_user_pictures/f02e3df4-c9b2-42d1-b36b-43ea727a866a-profile_image-300x300.png','pfp'),
(464,'','bgp'),
(465,'https://static-cdn.jtvnw.net/jtv_user_pictures/6007b576-e45b-479b-b0dc-565b9da3ad71-profile_image-300x300.png','pfp'),
(466,'','bgp'),
(467,'https://static-cdn.jtvnw.net/jtv_user_pictures/683d57cc-ff53-417b-9185-0e40ecd441ba-profile_image-300x300.jpg','pfp'),
(468,'','bgp'),
(469,'https://static-cdn.jtvnw.net/jtv_user_pictures/d0fca5a3-7c58-4ea4-88ce-1ca3720a1256-profile_image-300x300.png','pfp'),
(470,'','bgp'),
(471,'https://static-cdn.jtvnw.net/jtv_user_pictures/6fad7a53-6a3f-41d8-a905-23820f577d23-profile_image-300x300.png','pfp'),
(472,'','bgp'),
(473,'https://static-cdn.jtvnw.net/jtv_user_pictures/01a3e5fc-d766-4aae-b5d2-e05ec5861497-profile_image-300x300.png','pfp'),
(474,'https://static-cdn.jtvnw.net/jtv_user_pictures/a488b0fe-dc6b-4bea-bf15-4f7c29007f87-channel_offline_image-1920x1080.png','bgp'),
(475,'https://static-cdn.jtvnw.net/jtv_user_pictures/9d50dc90-618f-480b-a93e-a0eb535bfdd6-profile_image-300x300.png','pfp'),
(476,'','bgp'),
(477,'https://static-cdn.jtvnw.net/jtv_user_pictures/c3e002dd-f047-41e9-93fa-fa923d76bdda-profile_image-300x300.png','pfp'),
(478,'','bgp'),
(479,'https://static-cdn.jtvnw.net/jtv_user_pictures/39db7a0e-4cbd-422e-bdde-ad43a8054db4-profile_image-300x300.jpeg','pfp'),
(480,'https://static-cdn.jtvnw.net/jtv_user_pictures/5e88b158-d6fb-4365-8560-700771446199-channel_offline_image-1920x1080.jpeg','bgp'),
(481,'https://static-cdn.jtvnw.net/user-default-pictures-uv/294c98b5-e34d-42cd-a8f0-140b72fba9b0-profile_image-300x300.png','pfp'),
(482,'','bgp'),
(483,'https://static-cdn.jtvnw.net/jtv_user_pictures/7a33e11c-1dd9-4fa2-a3e3-e85fa3666243-profile_image-300x300.png','pfp'),
(484,'','bgp'),
(485,'https://static-cdn.jtvnw.net/jtv_user_pictures/531a0551-6932-4153-917e-b95cafb8da5a-profile_image-300x300.png','pfp'),
(486,'','bgp'),
(487,'https://static-cdn.jtvnw.net/jtv_user_pictures/0e491aeb-0907-487a-8dd1-6d297474fc9b-profile_image-300x300.png','pfp'),
(488,'','bgp'),
(489,'https://static-cdn.jtvnw.net/jtv_user_pictures/701f7d65-e9e7-410c-a3c0-2bc078a0ca17-profile_image-300x300.png','pfp'),
(490,'','bgp'),
(491,'https://static-cdn.jtvnw.net/jtv_user_pictures/bigblackrichard-profile_image-a266a7c1e2330b70-300x300.png','pfp'),
(492,'','bgp'),
(493,'https://static-cdn.jtvnw.net/jtv_user_pictures/9f2a7cf2-4fec-41af-b6d0-8099e972e002-profile_image-300x300.png','pfp'),
(494,'','bgp');
/*!40000 ALTER TABLE `pictures` ENABLE KEYS */;
UNLOCK TABLES;

--
-- Table structure for table `streamJoels`
--

DROP TABLE IF EXISTS `streamJoels`;
/*!40101 SET @saved_cs_client     = @@character_set_client */;
/*!40101 SET character_set_client = utf8 */;
CREATE TABLE `streamJoels` (
  `id` int(11) NOT NULL AUTO_INCREMENT,
  `channel_id` int(11) NOT NULL,
  `count` int(11) NOT NULL,
  `streamDate` date NOT NULL,
  PRIMARY KEY (`id`),
  KEY `channel_id` (`channel_id`),
  CONSTRAINT `streamJoels_ibfk_1` FOREIGN KEY (`channel_id`) REFERENCES `channels` (`id`)
) ENGINE=InnoDB AUTO_INCREMENT=102 DEFAULT CHARSET=utf8mb4 COLLATE=utf8mb4_general_ci;
/*!40101 SET character_set_client = @saved_cs_client */;

--
-- Dumping data for table `streamJoels`
--

LOCK TABLES `streamJoels` WRITE;
/*!40000 ALTER TABLE `streamJoels` DISABLE KEYS */;
INSERT INTO `streamJoels` VALUES
(1,1,21,'2024-05-14'),
(2,2,49,'2024-05-15'),
(3,3,46,'2024-05-16'),
(4,1,26,'2024-05-17'),
(5,2,27,'2024-05-17'),
(6,1,105,'2024-05-21'),
(7,2,8,'2024-05-22'),
(8,2,4,'2024-05-23'),
(9,3,71,'2024-05-23'),
(10,1,59,'2024-05-24'),
(11,2,3,'2024-05-24'),
(12,1,51,'2024-05-28'),
(13,2,15,'2024-05-29'),
(14,3,58,'2024-05-30'),
(15,2,28,'2024-05-31'),
(16,1,83,'2024-06-05'),
(17,2,16,'2024-06-05'),
(18,3,53,'2024-06-06'),
(19,1,54,'2024-06-07'),
(20,2,15,'2024-06-07'),
(21,1,41,'2024-06-11'),
(22,2,5,'2024-06-12'),
(23,3,374,'2024-06-13'),
(24,1,83,'2024-06-14'),
(25,1,139,'2024-06-18'),
(26,3,58,'2024-06-20'),
(27,1,80,'2024-06-21'),
(28,1,71,'2024-06-25'),
(29,2,17,'2024-06-26'),
(30,2,13,'2024-06-27'),
(31,1,70,'2024-06-28'),
(32,2,32,'2024-06-29'),
(33,2,20,'2024-06-30'),
(34,1,59,'2024-07-02'),
(35,2,15,'2024-07-03'),
(36,1,73,'2024-07-05'),
(37,2,18,'2024-07-05'),
(38,1,84,'2024-07-09'),
(39,1,77,'2024-07-12'),
(40,2,2,'2024-07-12'),
(41,1,79,'2024-07-16'),
(42,2,18,'2024-07-17'),
(43,3,83,'2024-07-18'),
(44,1,53,'2024-07-19'),
(45,2,46,'2024-07-19'),
(46,3,67,'2024-07-22'),
(47,1,71,'2024-07-23'),
(48,3,59,'2024-07-25'),
(49,1,167,'2024-07-26'),
(50,2,1,'2024-07-26'),
(51,1,24,'2024-07-27'),
(52,3,23,'2024-07-29'),
(53,1,135,'2024-07-30'),
(54,2,9,'2024-07-31'),
(55,2,3,'2024-08-01'),
(56,3,57,'2024-08-01'),
(57,1,50,'2024-08-02'),
(58,2,19,'2024-08-02'),
(59,3,31,'2024-08-05'),
(60,1,108,'2024-08-06'),
(61,4,1,'2024-08-06'),
(62,5,680,'2024-08-06'),
(63,5,312,'2024-08-07'),
(64,2,14,'2024-08-07'),
(65,5,324,'2024-08-08'),
(66,3,870,'2024-08-08'),
(67,1,72,'2024-08-09'),
(68,2,6,'2024-08-09'),
(69,5,3,'2024-08-09'),
(70,6,3,'2024-08-10'),
(71,5,1023,'2024-08-10'),
(72,5,307,'2024-08-11'),
(73,3,97,'2024-08-12'),
(74,6,2,'2024-08-12'),
(75,1,61,'2024-08-13'),
(76,5,6,'2024-08-13'),
(77,5,2,'2024-08-14'),
(78,4,8,'2024-08-14'),
(79,2,28,'2024-08-14'),
(80,5,11,'2024-08-15'),
(81,3,241,'2024-08-15'),
(82,1,62,'2024-08-16'),
(83,2,1,'2024-08-16'),
(84,5,12,'2024-08-16'),
(85,5,19,'2024-08-17'),
(86,5,25,'2024-08-18'),
(87,6,8,'2024-08-18'),
(88,4,17,'2024-08-18'),
(89,3,206,'2024-08-19'),
(90,1,75,'2024-08-20'),
(91,5,47,'2024-08-20'),
(92,5,25,'2024-08-21'),
(93,5,8,'2024-08-22'),
(94,3,165,'2024-08-22'),
(95,6,3,'2024-08-22'),
(96,1,53,'2024-08-23'),
(97,4,9,'2024-08-23'),
(98,2,5,'2024-08-23'),
(99,5,4,'2024-08-23'),
(100,5,1,'2024-08-25'),
(101,6,1,'2024-08-25');
/*!40000 ALTER TABLE `streamJoels` ENABLE KEYS */;
UNLOCK TABLES;

--
-- Table structure for table `users`
--

DROP TABLE IF EXISTS `users`;
/*!40101 SET @saved_cs_client     = @@character_set_client */;
/*!40101 SET character_set_client = utf8 */;
CREATE TABLE `users` (
  `id` int(11) NOT NULL AUTO_INCREMENT,
  `twitch_id` int(11) NOT NULL,
  `pfp_id` int(11) NOT NULL,
  `bgp_id` int(11) NOT NULL,
  `name` varchar(100) NOT NULL,
  `creationDate` date NOT NULL,
  PRIMARY KEY (`id`),
  KEY `pfp_id` (`pfp_id`),
  KEY `bgp_id` (`bgp_id`),
  CONSTRAINT `users_ibfk_1` FOREIGN KEY (`pfp_id`) REFERENCES `pictures` (`id`),
  CONSTRAINT `users_ibfk_2` FOREIGN KEY (`bgp_id`) REFERENCES `pictures` (`id`)
) ENGINE=InnoDB AUTO_INCREMENT=248 DEFAULT CHARSET=utf8mb4 COLLATE=utf8mb4_general_ci;
/*!40101 SET character_set_client = @saved_cs_client */;

--
-- Dumping data for table `users`
--

LOCK TABLES `users` WRITE;
/*!40000 ALTER TABLE `users` DISABLE KEYS */;
INSERT INTO `users` VALUES
(1,154489352,1,2,'venorrak','2024-04-26'),
(2,866686220,3,4,'lcolonq','2024-04-26'),
(3,34630073,5,6,'supokn','2024-04-26'),
(4,84060109,7,6,'octorinski','2024-04-26'),
(5,77972503,9,6,'modclonk','2024-04-26'),
(6,528658521,11,6,'jonponmusic','2024-04-30'),
(7,97007884,13,14,'yellowberryhn','2024-04-30'),
(8,839904724,15,6,'kierem__','2024-04-30'),
(9,921544063,9,6,'stoicmana','2024-04-30'),
(10,913783474,19,6,'keitaroch','2024-04-30'),
(11,157465404,21,6,'asquared31415','2024-04-30'),
(12,530949474,23,6,'whatizit','2024-04-30'),
(13,9350268,25,6,'tomaterr','2024-04-30'),
(14,886871175,27,28,'cocolust','2024-04-30'),
(15,175334432,29,6,'caram3lnuke','2024-04-30'),
(16,124156535,31,32,'bezelea','2024-04-30'),
(17,140410053,33,34,'prodzpod','2024-04-30'),
(18,814088981,35,36,'nikolahristovo1','2024-04-30'),
(19,42758228,37,38,'fighting_annelids','2024-04-30'),
(20,445661316,39,6,'nulligor','2024-04-30'),
(21,173069001,41,6,'faeliore','2024-04-30'),
(22,63002475,43,6,'mxowlex','2024-04-30'),
(23,47087370,45,46,'harneybee','2024-04-30'),
(24,51932032,47,48,'tyumici','2024-04-30'),
(25,4484765,49,6,'ellg','2024-04-30'),
(26,728498482,51,52,'spooksyvt','2024-04-30'),
(27,60383431,53,54,'setolyx','2024-04-30'),
(28,27036198,55,56,'divorce_jonze','2024-04-30'),
(29,140292786,57,58,'maradyne_','2024-04-30'),
(30,71928406,59,60,'abipolarcarp123','2024-04-30'),
(31,166025227,61,6,'mou_zs','2024-04-30'),
(32,236908296,63,64,'jakecreatesstuff','2024-05-02'),
(33,918109133,65,6,'hawkthegamer15','2024-05-02'),
(34,244127370,67,68,'imgeiser','2024-05-02'),
(35,44038777,69,6,'roboman01851','2024-05-02'),
(36,117203763,71,72,'drawthatredstone','2024-05-02'),
(37,148586323,73,74,'crazykitty357','2024-05-02'),
(38,32526294,75,6,'nichepenguin','2024-05-03'),
(39,121242104,77,6,'ctrl_o','2024-05-03'),
(40,64121692,79,6,'gendude','2024-05-03'),
(41,705004054,81,6,'steeledshield','2024-05-03'),
(42,160796236,83,6,'babanana_7','2024-05-03'),
(43,536791815,85,6,'crane0001colontime','2024-05-03'),
(44,27340259,87,6,'dehidehifinlandisnotreal','2024-05-03'),
(45,528854435,89,6,'im_in_prison_real','2024-05-03'),
(46,879653472,91,6,'dantedaedalusch','2024-05-03'),
(47,55203741,93,6,'moscowwbish','2024-05-03'),
(48,958425149,95,6,'yiffweed','2024-05-03'),
(49,187886731,97,6,'zullfix_','2024-05-03'),
(50,18460381,99,6,'basie','2024-05-03'),
(51,459235977,101,6,'estre777a','2024-05-03'),
(52,199288350,11,6,'queen_leo_of_animals','2024-05-03'),
(53,718526964,105,6,'pnutonium','2024-05-07'),
(54,36925727,107,6,'agpen','2024-05-07'),
(55,241314915,109,6,'eudemoniac','2024-05-07'),
(56,58104138,111,6,'lokiharth','2024-05-07'),
(57,777095801,113,6,'freedrull_','2024-05-07'),
(58,168699401,115,6,'qeswic','2024-05-07'),
(59,68661971,117,6,'mawg','2024-05-07'),
(60,196279163,119,6,'rahnmu','2024-05-07'),
(61,788560180,21,6,'fn_lumi','2024-05-07'),
(62,164774298,123,124,'vesdev','2024-05-07'),
(63,941160440,125,126,'cr4zyk1tty','2024-05-07'),
(64,663847627,127,6,'annascamp','2024-05-07'),
(65,614542967,129,6,'doktormonark','2024-05-08'),
(66,691856187,131,6,'meadowlark26','2024-05-08'),
(67,517974339,133,134,'hikezi','2024-05-08'),
(68,6432780,135,6,'danktownbunny','2024-05-08'),
(69,238477345,137,6,'malpractice_lawsuit','2024-05-08'),
(70,73767516,139,6,'spiderqueen','2024-05-08'),
(71,56931496,141,6,'badcop_','2024-05-08'),
(72,198545763,143,144,'2themaxthestairfax','2024-05-08'),
(73,402928879,145,146,'poppysicle','2024-05-08'),
(74,279072814,147,6,'grimmwolf4163','2024-05-08'),
(75,72298264,149,6,'sortof_here','2024-05-08'),
(76,675283835,151,6,'uwoslab','2024-05-08'),
(77,506330664,153,154,'nineteenninetyx','2024-05-10'),
(78,26840938,155,6,'leadengin','2024-05-10'),
(79,813540504,157,6,'azrhyga','2024-05-10'),
(80,637359881,159,6,'henriqmarq','2024-05-10'),
(81,102282952,161,6,'gyrosgeier','2024-05-14'),
(82,775563408,163,6,'vgm4rkd','2024-05-14'),
(83,559827657,165,166,'cipherlunis','2024-05-14'),
(84,1027787563,167,6,'coreoula','2024-05-15'),
(85,650459068,149,6,'watchmakering','2024-05-15'),
(86,522925288,171,172,'bloodydi_','2024-05-15'),
(87,688346886,173,6,'liquidcake1','2024-05-16'),
(88,838800053,175,176,'mickynoon','2024-05-16'),
(89,650883871,11,6,'sightsol','2024-05-16'),
(90,945646490,131,6,'fastfingerschuck','2024-05-17'),
(91,42145472,181,182,'destinywaits','2024-05-17'),
(92,175838960,183,6,'shyguy210','2024-05-17'),
(93,8817633,185,6,'blazynights','2024-05-17'),
(94,29666514,187,6,'icefoxzettai','2024-05-17'),
(95,904673611,109,6,'lukerduker102','2024-05-17'),
(96,23936355,191,192,'pastelonibunny','2024-05-17'),
(97,702509480,193,194,'ursarkto','2024-05-17'),
(98,109775002,195,6,'iloidtupo','2024-05-21'),
(99,117674444,197,6,'emoster_again','2024-05-21'),
(100,78601985,199,200,'lalashkin_g','2024-05-21'),
(101,474104250,201,6,'physbuzz','2024-05-21'),
(102,634248810,203,204,'promax1113','2024-05-23'),
(103,163432647,205,6,'kettlestew','2024-05-23'),
(104,675352496,207,6,'xorxavier','2024-05-24'),
(105,47576797,209,6,'archible','2024-05-24'),
(106,23611555,65,6,'sampie159','2024-05-24'),
(107,43220157,65,214,'essento','2024-05-24'),
(108,273816784,215,6,'jekkzerozero','2024-05-24'),
(109,7676884,217,218,'alca','2024-05-24'),
(110,60852084,219,220,'hellpie','2024-05-28'),
(111,747999796,221,6,'takeda_harunobu','2024-05-28'),
(112,134034778,107,224,'totemfallico','2024-05-28'),
(113,546783543,225,6,'lucas_t_a','2024-05-31'),
(114,526911519,227,6,'krzysckh','2024-06-05'),
(115,101721715,229,230,'katlyranna','2024-06-05'),
(116,133064035,231,232,'tf_tokyo','2024-06-05'),
(117,700947225,233,234,'gumpai_','2024-06-05'),
(118,725938723,235,236,'must_broke_','2024-06-05'),
(119,685896363,237,238,'theanglerch','2024-06-05'),
(120,110416917,239,6,'celeste_kyra','2024-06-05'),
(121,62889909,241,242,'zulleyy3','2024-06-05'),
(122,911879942,243,6,'clmtyyy','2024-06-05'),
(123,98993729,245,6,'itsuunknown','2024-06-05'),
(124,46928297,247,6,'mamimi___','2024-06-05'),
(125,30498253,249,6,'aliant2','2024-06-05'),
(126,40564115,251,6,'pwnedary','2024-06-07'),
(127,157328960,253,6,'zamielpayne','2024-06-07'),
(128,434101503,255,6,'static_anachromatic','2024-06-07'),
(129,160796236,257,6,'bvnanana','2024-06-11'),
(130,620361211,259,6,'jyuratodus_enjoyer','2024-06-11'),
(131,1085012456,261,6,'tengalaxian','2024-06-11'),
(132,28528488,11,6,'nidden','2024-06-11'),
(133,584972139,21,6,'fraktalcow','2024-06-11'),
(134,144606537,267,268,'falinere','2024-06-11'),
(135,108372992,269,270,'saladforrest','2024-06-14'),
(136,117476980,271,6,'darefus','2024-06-14'),
(137,109257736,273,274,'carvuh','2024-06-14'),
(138,720641414,149,6,'dc135_','2024-06-14'),
(139,113122566,277,6,'biggaymikey','2024-06-14'),
(140,109973730,279,6,'brc_del','2024-06-14'),
(141,25893670,281,6,'sharkdad','2024-06-14'),
(142,24866530,283,6,'ikatono','2024-06-18'),
(143,744763706,285,6,'skyisfine','2024-06-18'),
(144,123681990,287,6,'wysh46','2024-06-18'),
(145,57328827,189,6,'ripple42','2024-06-18'),
(146,485910807,291,6,'mr_cha9999','2024-06-18'),
(147,950271293,293,6,'psychic_refugee','2024-06-18'),
(148,536791815,85,6,'crane_0001','2024-06-18'),
(149,411185726,297,298,'btomaek','2024-06-20'),
(150,634010217,299,6,'loufbread_','2024-06-21'),
(151,468036797,301,6,'riledkyle','2024-06-21'),
(152,42026399,303,304,'fuwach','2024-06-21'),
(153,959650741,305,6,'jellyjammerr','2024-06-21'),
(154,110876157,307,6,'ktreus','2024-06-21'),
(155,521011689,309,6,'njan_the_cat','2024-06-21'),
(156,1096921365,311,6,'kc83359','2024-06-21'),
(157,39214310,313,314,'shindigs','2024-06-21'),
(158,530745007,315,6,'vasher_1025','2024-06-21'),
(159,548107900,317,6,'carlossss333','2024-06-25'),
(160,84239565,319,6,'thisisbenu','2024-06-25'),
(161,836081497,321,6,'kiodit','2024-06-25'),
(162,55741336,323,6,'abuffseagull','2024-06-25'),
(163,52066723,325,326,'hexadigital','2024-06-28'),
(164,653569365,327,6,'whomegaa','2024-06-28'),
(165,143671723,329,6,'6lx6','2024-06-30'),
(166,516052457,331,6,'eatsaduckimust','2024-07-02'),
(167,31809634,333,334,'brzdyngol','2024-07-02'),
(168,132275493,149,6,'mudane','2024-07-05'),
(169,118055863,337,6,'djkawaiifieri','2024-07-05'),
(170,105526034,339,340,'snorlaxbud','2024-07-05'),
(171,88517475,341,342,'hexagonalsun','2024-07-05'),
(172,208422711,343,6,'ixidot','2024-07-09'),
(173,89808567,345,6,'jazzy_jackal','2024-07-09'),
(174,192211733,347,6,'chixie9901','2024-07-09'),
(175,112914240,115,6,'garnotte65','2024-07-12'),
(176,21621987,351,6,'715209','2024-07-12'),
(177,39367369,353,6,'faiorb','2024-07-16'),
(178,79822053,355,6,'pixelsorted','2024-07-16'),
(179,225337395,65,6,'boga_14','2024-07-16'),
(180,38883720,21,6,'vettle','2024-07-18'),
(181,904551358,131,6,'mlcrochad','2024-07-19'),
(182,238477345,363,364,'hart0fhearts','2024-07-19'),
(183,967104602,365,6,'grimmglassman','2024-07-19'),
(184,1113185750,367,6,'eanclave','2024-07-22'),
(185,797278514,369,6,'sultanw0','2024-07-23'),
(186,272522591,371,6,'superplink','2024-07-23'),
(187,59999382,373,374,'banjofries','2024-07-23'),
(188,401597457,375,376,'swaihilde','2024-07-23'),
(189,533495489,377,6,'retromaximusplays','2024-07-23'),
(190,1087923826,379,6,'archiethedeveloper','2024-07-25'),
(191,39138750,11,6,'vicentedealencar','2024-07-26'),
(192,152958916,383,6,'maaars','2024-07-26'),
(193,775237881,385,6,'westernwinner','2024-07-26'),
(194,102682069,387,388,'kopadot','2024-07-26'),
(195,130129040,389,6,'keckleknight','2024-07-26'),
(196,913281919,391,6,'bah4ie','2024-07-27'),
(197,48095970,393,6,'wazikamawata','2024-07-27'),
(198,59372055,395,6,'hazel9k','2024-07-27'),
(199,431794144,397,398,'37ln37','2024-07-27'),
(200,106144876,399,400,'greenastea','2024-07-27'),
(201,753940271,401,6,'tristanfall3','2024-07-27'),
(202,478043273,403,404,'ufifty50sh','2024-07-29'),
(203,211238143,149,6,'lgello','2024-07-30'),
(204,1012806516,407,6,'forevern2dust','2024-07-30'),
(205,100197480,409,6,'loweffortzzz','2024-07-30'),
(206,243190175,107,6,'wyndupboy','2024-07-30'),
(207,493400293,413,6,'doceys','2024-07-30'),
(208,614911149,415,6,'tlatitude','2024-08-01'),
(209,706546795,417,6,'woozle_ch','2024-08-02'),
(210,81660947,255,6,'tamwile','2024-08-05'),
(211,418846420,21,6,'timadiss','2024-08-06'),
(212,645461484,423,6,'asrael_io','2024-08-06'),
(213,176750859,425,6,'adohtq','2024-08-06'),
(214,49724858,11,6,'kayrosz','2024-08-06'),
(215,791142190,429,6,'paxonian','2024-08-06'),
(216,144541962,431,432,'tano_notso','2024-08-06'),
(217,1073067906,11,6,'howdy736','2024-08-06'),
(218,168837585,435,436,'creasevt','2024-08-06'),
(219,28468157,437,6,'earend','2024-08-06'),
(220,843302782,439,440,'enlynn_','2024-08-06'),
(221,38010148,441,6,'zeikjt','2024-08-06'),
(222,1070508385,443,444,'brightermalphon','2024-08-09'),
(223,219420803,445,6,'strawhatsasha','2024-08-09'),
(224,63029150,447,6,'krespian_sea','2024-08-09'),
(225,41418214,449,6,'jonnyman9','2024-08-12'),
(226,794861133,451,452,'puhzzle','2024-08-13'),
(227,1127985087,453,6,'4_soc_n1','2024-08-13'),
(228,50672394,65,6,'bibba1g','2024-08-13'),
(229,880433644,457,6,'yyyyyyyyyohan','2024-08-13'),
(230,51338399,459,6,'deminov','2024-08-16'),
(231,140217808,461,462,'hliyd','2024-08-16'),
(232,162942221,463,6,'talon1024','2024-08-16'),
(233,1075728259,465,6,'pissedmatricese','2024-08-18'),
(234,106606181,467,6,'jivanyatra','2024-08-20'),
(235,929930481,469,6,'the_solorogue','2024-08-20'),
(236,181469736,471,6,'dovercliff','2024-08-20'),
(237,814088981,35,36,'nikolarhristov','2024-08-20'),
(238,123404480,475,6,'chromosundrift','2024-08-20'),
(239,887791118,477,6,'blueishthing','2024-08-20'),
(240,24376514,479,480,'kahunatuna','2024-08-22'),
(241,578129151,317,6,'rob_pike_was_right','2024-08-23'),
(242,682661569,483,6,'oshlot','2024-08-23'),
(243,156291776,485,6,'neptunsgalaxy','2024-08-23'),
(244,142537879,487,6,'ladnyvoid','2024-08-23'),
(245,1001770157,489,6,'mothmans_apprentice','2024-08-23'),
(246,36967367,491,6,'bigblackrichard','2024-08-23'),
(247,528996203,493,6,'expandedcuber__','2024-08-23');
/*!40000 ALTER TABLE `users` ENABLE KEYS */;
UNLOCK TABLES;
/*!40103 SET TIME_ZONE=@OLD_TIME_ZONE */;

/*!40101 SET SQL_MODE=@OLD_SQL_MODE */;
/*!40014 SET FOREIGN_KEY_CHECKS=@OLD_FOREIGN_KEY_CHECKS */;
/*!40014 SET UNIQUE_CHECKS=@OLD_UNIQUE_CHECKS */;
/*!40101 SET CHARACTER_SET_CLIENT=@OLD_CHARACTER_SET_CLIENT */;
/*!40101 SET CHARACTER_SET_RESULTS=@OLD_CHARACTER_SET_RESULTS */;
/*!40101 SET COLLATION_CONNECTION=@OLD_COLLATION_CONNECTION */;
/*!40111 SET SQL_NOTES=@OLD_SQL_NOTES */;

-- Dump completed on 2024-08-25 18:54:54
